,p-value,DM Test Stat
LASSO,0.5138475570164647,-0.6875791711080723
Ridge ,0.462026858099847,0.77804237960831
Elastic Net,0.3994678955317669,0.8970971100629689
Gradient Boosting,0.3271303703573682,1.0534575388169383
Model Avg.,0.274937027856027,1.1843168050692823
Neural Net,0.256072009817519,1.2367165873336605
SVM,0.2158639277638273,1.3604672937543874
