,p-value,DM Test Stat
Model Avg.,0.19259774284122683,1.4416635132177293
SVM,0.21998682535061284,1.3468950594645681
Neural Net,0.29713248756498317,1.126381515009983
Gradient Boosting,0.3271184234738652,1.053485491431865
Elastic Net,0.4437250549261963,0.8116256820099129
Ridge,0.48186631631003907,0.7426500127959664
LASSO,0.9182731728825853,0.1063697816098154
