,p-value,DM Test Stat
LASSO,0.20551133744441755,-1.3955836072445882
SVM,0.21004668905126708,1.3800111513479822
Model Avg.,0.30005984639589633,1.1190089957168972
Gradient Boosting,0.3252266858803361,1.057921953739158
Neural Net,0.3485016018786586,1.0046971058955168
Elastic Net,0.47182227493893836,0.7604422906827608
Ridge,0.4967471870634461,0.7167377910219223
