,RMSE,MAPE
Model Avg.,13240.59749407103,2.826174925432263
Neural Net,13744.402033191549,4.275554819187509
Gradient Boosting,14726.179961211938,4.087697382174838
LASSO,15323.425114836435,2.0089646336254976
Ridge,15802.367805174008,1.750571335273091
Elastic Net,22399.548416206966,1.4813311356934586
SVM,26924.795268488117,4.454770782457416
AR(1),27398.328931706765,5.215295610704801
