,RMSE,MAPE
Gradient Boosting,6406.75881028192,1.3399798784511152
Neural Net,7473.252669938974,2.9007597255966706
Elastic Net,8731.967609200403,2.7950747796624467
Ridge,8843.81450859865,2.76404477559556
AR(1),9373.616503750034,3.3728783372980984
Model Avg.,9382.002123414277,2.4038598965803346
SVM,9825.22029015126,3.026800759767339
LASSO,10614.715390084653,3.786105863601009
