,RMSE,MAPE
Gradient Boosting,6527.846403820712,1.3429767614921688
Neural Net,8356.84380182644,3.038938430242662
Elastic Net,9018.895736868233,2.812833358210927
AR(1),9373.616503750034,3.3728783372980984
Ridge,9797.075546591697,2.8911248404752263
Model Avg.,10042.66844830098,2.6629365239360117
SVM,11076.357422456174,3.057980663748634
LASSO,12274.314080250066,3.2867233554527293
