LASSO,Ridge,Elastic Net,Gradient Boosting,Neural Net,SVM,AR(1),Model Avg.
33840.47222015871,26261.487508644033,32214.36704070613,16312.973099142086,19476.859633079115,27439.713092219703,22726.790483186724,23074.537492656273
11.42204014328016,2.2803421354897853,5.001796913443977,1.0554831502108661,1.416810565070092,2.269060231714671,2.4343977285692575,3.5201398522954666
