,RMSE,MAPE
Gradient Boosting,6408.392201588086,1.3324884433027353
Ridge,8636.045433783625,2.791732402550521
Neural Net,9243.10126864896,3.213220379288231
AR(1),9373.616503750034,3.3728783372980984
SVM,9629.916800166293,3.0100496537338524
LASSO,10425.57090987707,5.5411574221864335
Elastic Net,10554.07963627099,2.843179750028307
Model Avg.,11928.479893855923,2.9843900681687003
